observation_date,GüneyKore_SURETIM
01-01-00,47.64377
02-01-00,47.74273
03-01-00,48.28430
04-01-00,48.00553
05-01-00,49.85263
06-01-00,49.33340
07-01-00,50.92515
08-01-00,51.71251
09-01-00,50.48146
10-01-00,50.12821
11-01-00,49.35681
12-01-00,48.63861
01-01-01,48.13960
02-01-01,48.64925
03-01-01,48.94292
04-01-01,49.31425
05-01-01,49.73028
06-01-01,49.83136
07-01-01,48.84184
08-01-01,49.97925
09-01-01,49.98883
10-01-01,50.29313
11-01-01,50.61978
12-01-01,49.35468
01-01-02,50.89748
02-01-02,51.87743
03-01-02,53.17764
04-01-02,53.63409
05-01-02,53.04676
06-01-02,52.64989
07-01-02,53.96287
08-01-02,54.46507
09-01-02,53.49683
10-01-02,54.44486
11-01-02,55.23009
12-01-02,55.84615
01-01-03,54.53849
02-01-03,54.80555
03-01-03,55.96106
04-01-03,54.98856
05-01-03,54.75448
06-01-03,56.43347
07-01-03,53.80433
08-01-03,56.65372
09-01-03,57.37086
10-01-03,58.96579
11-01-03,59.04346
12-01-03,60.10853
01-01-04,59.86913
02-01-04,62.91749
03-01-04,61.82263
04-01-04,62.49082
05-01-04,63.40267
06-01-04,61.60345
07-01-04,60.82566
08-01-04,61.79177
09-01-04,62.49401
10-01-04,62.50040
11-01-04,63.57397
12-01-04,62.71214
01-01-05,65.37213
02-01-05,63.87189
03-01-05,65.92648
04-01-05,64.60286
05-01-05,64.10065
06-01-05,64.49753
07-01-05,65.04336
08-01-05,65.40831
09-01-05,65.59557
10-01-05,67.86615
11-01-05,70.41017
12-01-05,68.96207
01-01-06,71.12411
02-01-06,71.25179
03-01-06,71.63909
04-01-06,70.90493
05-01-06,71.55823
06-01-06,70.46444
07-01-06,67.02453
08-01-06,71.90935
09-01-06,73.80220
10-01-06,75.86530
11-01-06,75.52482
12-01-06,72.88929
01-01-07,74.03309
02-01-07,74.37357
03-01-07,74.14587
04-01-07,75.38118
05-01-07,75.58334
06-01-07,75.07049
07-01-07,75.92807
08-01-07,78.27951
09-01-07,77.52088
10-01-07,81.74815
11-01-07,81.51194
12-01-07,81.11401
01-01-08,83.15901
02-01-08,82.34080
03-01-08,83.49737
04-01-08,83.73038
05-01-08,82.44720
06-01-08,81.74283
07-01-08,81.29063
08-01-08,81.23318
09-01-08,80.05959
10-01-08,80.74586
11-01-08,71.84550
12-01-08,64.11023
01-01-09,65.30297
02-01-09,71.08900
03-01-09,73.78092
04-01-09,76.25259
05-01-09,76.82077
06-01-09,79.76273
07-01-09,81.80667
08-01-09,82.31313
09-01-09,85.87540
10-01-09,84.33580
11-01-09,85.34447
12-01-09,86.37974
01-01-10,87.94807
02-01-10,88.59924
03-01-10,90.43358
04-01-10,91.61568
05-01-10,92.16577
06-01-10,92.45518
07-01-10,93.15316
08-01-10,92.35622
09-01-10,92.86375
10-01-10,94.19907
11-01-10,94.32782
12-01-10,95.83550
01-01-11,98.78598
02-01-11,95.79613
03-01-11,98.19120
04-01-11,96.77821
05-01-11,97.19104
06-01-11,97.96138
07-01-11,98.09332
08-01-11,97.36128
09-01-11,97.82412
10-01-11,100.11600
11-01-11,97.78795
12-01-11,96.07278
01-01-12,98.28590
02-01-12,102.19180
03-01-12,99.03495
04-01-12,100.18830
05-01-12,100.60970
06-01-12,98.71788
07-01-12,98.06778
08-01-12,96.15683
09-01-12,97.45811
10-01-12,100.00530
11-01-12,100.59900
12-01-12,100.65330
01-01-13,102.11100
02-01-13,100.02550
03-01-13,98.94345
04-01-13,99.66697
05-01-13,99.09028
06-01-13,99.12859
07-01-13,98.27313
08-01-13,99.52652
09-01-13,97.79646
10-01-13,101.12890
11-01-13,100.04260
12-01-13,101.45560
01-01-14,102.06840
02-01-14,101.46410
03-01-14,102.16840
04-01-14,102.49720
05-01-14,99.07219
06-01-14,101.56300
07-01-14,102.34190
08-01-14,98.37634
09-01-14,98.03799
10-01-14,98.17311
11-01-14,98.44869
12-01-14,100.97780
01-01-15,99.13390
02-01-15,100.58090
03-01-15,99.48502
04-01-15,100.32660
05-01-15,97.71879
06-01-15,99.33926
07-01-15,98.68703
08-01-15,100.91080
09-01-15,102.13330
10-01-15,101.52050
11-01-15,100.53730
12-01-15,99.67973
01-01-16,99.98404
02-01-16,101.08530
03-01-16,101.88650
04-01-16,100.44580
05-01-16,103.17280
06-01-16,102.53230
07-01-16,102.13230
08-01-16,100.81720
09-01-16,101.07460
10-01-16,100.41920
11-01-16,105.07000
12-01-16,103.82300
01-01-17,106.57130
02-01-17,105.34870
03-01-17,107.02880
04-01-17,105.03590
05-01-17,105.45940
06-01-17,103.44420
07-01-17,104.53690
08-01-17,104.04750
09-01-17,105.16780
10-01-17,105.40090
11-01-17,105.63810
12-01-17,103.39100
01-01-18,105.42960
02-01-18,106.05630
03-01-18,104.45180
04-01-18,107.54590
05-01-18,108.11190
06-01-18,107.36290
07-01-18,107.90440
08-01-18,108.31840
09-01-18,106.16270
10-01-18,108.46310
11-01-18,106.15840
12-01-18,103.99960
01-01-19,104.99650
02-01-19,101.61300
03-01-19,103.75910
04-01-19,106.80320
05-01-19,105.92750
06-01-19,105.36680
07-01-19,108.13320
08-01-19,106.00420
09-01-19,108.52160
10-01-19,108.35240
11-01-19,108.04810
12-01-19,110.64640
01-01-20,106.71920
02-01-20,103.20800
03-01-20,107.88960
04-01-20,104.59120
05-01-20,96.61116
06-01-20,102.78240
07-01-20,104.48480
08-01-20,106.08080
09-01-20,110.86880
10-01-20,110.33680
11-01-20,111.08160
12-01-20,112.14560
01-01-21,112.46480
02-01-21,115.76320
03-01-21,113.95440
04-01-21,113.42240
05-01-21,112.25200
06-01-21,113.20960
07-01-21,115.12480
08-01-21,116.29520
09-01-21,115.12480
10-01-21,116.72080
11-01-21,117.57200
12-01-21,122.57280
01-01-22,122.78560
02-01-22,121.08320
03-01-22,121.93430
04-01-22,120.01910
05-01-22,117.89120
06-01-22,119.80640
07-01-22,117.46560
08-01-22,114.16720
09-01-22,113.31600
10-01-22,110.97520
11-01-22,110.76240
12-01-22,106.71920
01-01-23,109.16640
02-01-23,108.31520
03-01-23,112.14560
04-01-23,110.97520
05-01-23,114.91200
06-01-23,112.57120
07-01-23,109.59200
08-01-23,115.55040
09-01-23,117.78480
10-01-23,115.76320
11-01-23,117.57200
12-01-23,117.14640
01-01-24,115.44400
02-01-24,118.74240
03-01-24,114.91200
