observation_date,MEXCPIALLMINMEI
01-01-00,51.258969999999997924
02-01-00,51.713650000000001228
03-01-00,52.000349999999997408
04-01-00,52.296210000000002083
05-01-00,52.491709999999997649
06-01-00,52.802630000000000621
07-01-00,53.008609999999997342
08-01-00,53.299880000000001701
09-01-00,53.689239999999998076
10-01-00,54.058939999999999770
11-01-00,54.521160000000001844
12-01-00,55.111409999999999343
01-01-01,55.416930000000000689
02-01-01,55.380259999999999820
03-01-01,55.731140000000003454
04-01-01,56.012259999999997717
05-01-01,56.140790000000002635
06-01-01,56.273580000000002599
07-01-01,56.127369999999999095
08-01-01,56.459910000000000707
09-01-01,56.985489999999998645
10-01-01,57.243029999999997415
11-01-01,57.458669999999997913
12-01-01,57.538240000000001828
01-01-02,58.069389999999998508
02-01-02,58.032060000000001310
03-01-02,58.328899999999997306
04-01-02,58.647530000000003270
05-01-02,58.766399999999997306
06-01-02,59.052930000000003474
07-01-02,59.222450000000002035
08-01-02,59.447620000000000573
09-01-02,59.805190000000003181
10-01-02,60.068789999999999907
11-01-02,60.554600000000000648
12-01-02,60.818199999999997374
01-01-03,61.064059999999997785
02-01-03,61.233679999999999666
03-01-03,61.620210000000000150
04-01-03,61.725409999999996558
05-01-03,61.526240000000001373
06-01-03,61.577069999999999084
07-01-03,61.666310000000002844
08-01-03,61.851300000000001944
09-01-03,62.219509999999999650
10-01-03,62.447639999999999816
11-01-03,62.965960000000002594
12-01-03,63.236649999999997362
01-01-04,63.629669999999997287
02-01-04,64.010289999999997690
03-01-04,64.227199999999996294
04-01-04,64.324119999999993524
05-01-04,64.162769999999994752
06-01-04,64.265609999999995239
07-01-04,64.434049999999999159
08-01-04,64.831810000000004379
09-01-04,65.367859999999993192
10-01-04,65.820580000000006748
11-01-04,66.382050000000006662
12-01-04,66.519170000000002574
01-01-05,66.521529999999998495
02-01-05,66.743160000000003151
03-01-05,67.043989999999993756
04-01-05,67.282759999999996126
05-01-05,67.113730000000003884
06-01-05,67.049310000000005516
07-01-05,67.311719999999994002
08-01-05,67.392099999999999227
09-01-05,67.662189999999995393
10-01-05,67.828270000000003392
11-01-05,68.316450000000003229
12-01-05,68.736080000000001178
01-01-06,69.139150000000000773
02-01-06,69.244939999999999714
03-01-06,69.331829999999996517
04-01-06,69.433480000000002974
05-01-06,69.124369999999998981
06-01-06,69.184070000000005507
07-01-06,69.373789999999999623
08-01-06,69.727810000000005175
09-01-06,70.431709999999995375
10-01-06,70.739630000000005339
11-01-06,71.110789999999994393
12-01-06,71.522139999999993165
01-01-07,71.891530000000003042
02-01-07,72.092479999999994789
03-01-07,72.248500000000007049
04-01-07,72.205359999999998877
05-01-07,71.853110000000000923
06-01-07,71.939400000000006230
07-01-07,72.244960000000006062
08-01-07,72.539280000000005089
09-01-07,73.102519999999998390
10-01-07,73.387399999999999523
11-01-07,73.905129999999999768
12-01-07,74.210689999999999600
01-01-08,74.554659999999998377
02-01-08,74.776290000000003033
03-01-08,75.318250000000006139
04-01-08,75.489649999999997476
05-01-08,75.408090000000001396
06-01-08,75.720150000000003843
07-01-08,76.142139999999997713
08-01-08,76.581850000000002865
09-01-08,77.103719999999995593
10-01-08,77.629140000000006694
11-01-08,78.511529999999993379
12-01-08,79.055269999999993047
01-01-09,79.238479999999995584
02-01-09,79.413420000000002119
03-01-09,79.870279999999993947
04-01-09,80.149829999999994357
05-01-09,79.916380000000003747
06-01-09,80.063550000000006435
07-01-09,80.281630000000006930
08-01-09,80.473709999999996967
09-01-09,80.877369999999999095
10-01-09,81.122060000000004720
11-01-09,81.542860000000004561
12-01-09,81.880330000000000723
01-01-10,82.770409999999998263
02-01-10,83.249139999999997030
03-01-10,83.840159999999997353
04-01-10,83.573009999999996467
05-01-10,83.046419999999997685
06-01-10,83.020409999999998263
07-01-10,83.200670000000002346
08-01-10,83.431759999999997035
09-01-10,83.869110000000006266
10-01-10,84.386849999999995475
11-01-10,85.062970000000007076
12-01-10,85.484369999999998413
01-01-11,85.900819999999995957
02-01-11,86.223070000000006985
03-01-11,86.388480000000001269
04-01-11,86.381619999999998072
05-01-11,85.744829999999993220
06-01-11,85.740549999999998931
07-01-11,86.151929999999993015
08-01-11,86.288210000000006517
09-01-11,86.499899999999996680
10-01-11,87.083550000000002456
11-01-11,88.025450000000006412
12-01-11,88.748810000000005971
01-01-12,89.377030000000004861
02-01-12,89.558719999999993888
03-01-12,89.610150000000004411
04-01-12,89.329030000000003042
05-01-12,89.047070000000005052
06-01-12,89.457589999999996166
07-01-12,89.959819999999993456
08-01-12,90.229799999999997340
09-01-12,90.627470000000002415
10-01-12,91.085989999999995348
11-01-12,91.704790000000002692
12-01-12,91.915629999999993061
01-01-13,92.285870000000002733
02-01-13,92.740110000000001378
03-01-13,93.420609999999996376
04-01-13,93.482320000000001414
05-01-13,93.171199999999998909
06-01-13,93.114639999999994302
07-01-13,93.083789999999993370
08-01-13,93.348619999999996821
09-01-13,93.700010000000006016
10-01-13,94.145679999999998699
11-01-13,95.023300000000006094
12-01-13,95.568389999999993734
01-01-14,96.422870000000003188
02-01-14,96.667130000000000223
03-01-14,96.931960000000003674
04-01-14,96.751120000000000232
05-01-14,96.441730000000006839
06-01-14,96.608850000000003888
07-01-14,96.874529999999992924
08-01-14,97.222499999999996589
09-01-14,97.651889999999994529
10-01-14,98.191829999999995948
11-01-14,98.983750000000000568
12-01-14,99.468840000000000146
01-01-15,99.378849999999999909
02-01-15,99.567409999999995307
03-01-15,99.972790000000003374
04-01-15,99.713960000000000150
05-01-15,99.216009999999997149
06-01-15,99.382279999999994402
07-01-15,99.527979999999999450
08-01-15,99.737949999999997885
09-01-15,100.111599999999995703
10-01-15,100.626699999999999591
11-01-15,101.176100000000005252
12-01-15,101.588300000000003820
01-01-16,101.975700000000003342
02-01-16,102.422200000000003683
03-01-16,102.573099999999996612
04-01-16,102.248300000000000409
05-01-16,101.792299999999997340
06-01-16,101.904600000000002069
07-01-16,102.170299999999997453
08-01-16,102.458200000000005048
09-01-16,103.083899999999999864
10-01-16,103.709500000000005571
11-01-16,104.520300000000005980
12-01-16,105.001999999999995339
01-01-17,106.787199999999998568
02-01-17,107.404300000000006321
03-01-17,108.063400000000001455
04-01-17,108.196200000000004593
05-01-17,108.066800000000000637
06-01-17,108.338499999999996248
07-01-17,108.748199999999997090
08-01-17,109.285499999999998977
09-01-17,109.627499999999997726
10-01-17,110.317400000000006344
11-01-17,111.454700000000002547
12-01-17,112.113799999999997681
01-01-18,112.709500000000005571
02-01-18,113.138900000000006685
03-01-18,113.504800000000003024
04-01-18,113.120000000000004547
05-01-18,112.936599999999998545
06-01-18,113.372799999999998022
07-01-18,113.980500000000006366
08-01-18,114.645499999999998408
09-01-18,115.130300000000005411
10-01-18,115.727000000000003865
11-01-18,116.711500000000000909
12-01-18,117.529499999999998749
01-01-19,117.629900000000006344
02-01-19,117.596800000000001774
03-01-19,118.049800000000004729
04-01-19,118.112499999999997158
05-01-19,117.772499999999993747
06-01-19,117.847800000000006548
07-01-19,118.290499999999994429
08-01-19,118.271100000000004115
09-01-19,118.581400000000002137
10-01-19,119.221400000000002706
11-01-19,120.183099999999996044
12-01-19,120.853899999999995885
01-01-20,121.439199999999999591
02-01-20,121.943399999999996908
03-01-20,121.885300000000000864
04-01-20,120.649699999999995725
05-01-20,121.114099999999993429
06-01-20,121.776899999999997704
07-01-20,122.576599999999999113
08-01-20,123.059200000000004138
09-01-20,123.340999999999993975
10-01-20,124.093900000000004979
11-01-20,124.187500000000000000
12-01-20,124.660899999999998045
01-01-21,125.732200000000005957
02-01-21,126.527299999999996771
03-01-21,127.573499999999995680
04-01-21,127.990999999999999659
05-01-21,128.252299999999991087
06-01-21,128.935699999999997090
07-01-21,129.693199999999990268
08-01-21,129.940799999999995862
09-01-21,130.741600000000005366
10-01-21,131.836800000000010868
11-01-21,133.346200000000010277
12-01-21,133.829900000000009186
01-01-22,134.621600000000000819
02-01-22,135.738499999999987722
03-01-22,137.082400000000006912
04-01-22,137.824000000000012278
05-01-22,138.067000000000007276
06-01-22,139.232900000000000773
07-01-22,140.264199999999988222
08-01-22,141.239599999999995816
09-01-22,142.115800000000007230
10-01-22,142.920099999999990814
11-01-22,143.742600000000010141
12-01-22,144.291400000000010095
01-01-23,145.270199999999988449
02-01-23,146.080199999999990723
03-01-23,146.471499999999991815
04-01-23,146.441900000000003956
05-01-23,146.123600000000010368
06-01-23,146.271899999999988040
07-01-23,146.976900000000000546
08-01-23,147.790400000000005321
09-01-23,148.446300000000007913
10-01-23,149.004199999999997317
11-01-23,149.957999999999998408
12-01-23,151.016699999999985948
01-01-24,152.365100000000012415
02-01-24,152.508900000000011232
03-01-24,152.947000000000002728
04-01-24,153.256100000000003547
05-01-24,152.972100000000011732
06-01-24,153.550499999999999545
07-01-24,155.157900000000012142
