observation_date,Brezilya_SURETIM
01-01-00,80.67756
02-01-00,80.78286
03-01-00,82.10789
04-01-00,82.87132
05-01-00,82.63438
06-01-00,84.65264
07-01-00,85.24934
08-01-00,85.23180
09-01-00,84.21389
10-01-00,86.03909
11-01-00,85.31954
12-01-00,89.15423
01-01-01,86.99557
02-01-01,87.89063
03-01-01,86.65335
04-01-01,86.35500
05-01-01,87.02190
06-01-01,85.94257
07-01-01,85.73197
08-01-01,85.74952
09-01-01,84.10859
10-01-01,82.17809
11-01-01,83.13457
12-01-01,83.38026
01-01-02,85.77971
02-01-02,87.73267
03-01-02,87.24746
04-01-02,87.47028
05-01-02,87.39251
06-01-02,87.77030
07-01-02,88.06416
08-01-02,87.24557
09-01-02,87.64798
10-01-02,87.99908
11-01-02,87.88920
12-01-02,87.63947
01-01-03,87.84505
02-01-03,87.40852
03-01-03,87.49150
04-01-03,87.20711
05-01-03,85.95061
06-01-03,86.31000
07-01-03,85.65563
08-01-03,86.84097
09-01-03,89.37434
10-01-03,89.63532
11-01-03,90.77323
12-01-03,89.32720
01-01-04,91.04170
02-01-04,92.58765
03-01-04,92.96783
04-01-04,93.70557
05-01-04,94.66549
06-01-04,94.89680
07-01-04,95.62466
08-01-04,96.67558
09-01-04,97.07556
10-01-04,96.45507
11-01-04,96.43828
12-01-04,96.98322
01-01-05,97.58396
02-01-05,96.23803
03-01-05,97.14095
04-01-05,97.17412
05-01-05,100.36530
06-01-05,98.56404
07-01-05,97.88394
08-01-05,97.94463
09-01-05,97.35982
10-01-05,96.82729
11-01-05,97.76615
12-01-05,99.37508
01-01-06,99.80729
02-01-06,100.57400
03-01-06,99.94855
04-01-06,100.52220
05-01-06,101.16620
06-01-06,99.77428
07-01-06,100.69350
08-01-06,100.53160
09-01-06,99.58512
10-01-06,100.28470
11-01-06,101.60480
12-01-06,102.28490
01-01-07,102.02540
02-01-07,103.33420
03-01-07,104.67970
04-01-07,105.72350
05-01-07,106.03430
06-01-07,106.59080
07-01-07,106.29760
08-01-07,107.74210
09-01-07,106.94640
10-01-07,109.60070
11-01-07,108.54210
12-01-07,108.92640
01-01-08,110.70320
02-01-08,110.42180
03-01-08,110.71230
04-01-08,110.76830
05-01-08,111.43000
06-01-08,113.13880
07-01-08,113.53840
08-01-08,112.24070
09-01-08,113.72970
10-01-08,110.35900
11-01-08,103.82280
12-01-08,92.22306
01-01-09,94.19257
02-01-09,96.44775
03-01-09,96.85699
04-01-09,98.13234
05-01-09,99.40399
06-01-09,100.70900
07-01-09,101.95270
08-01-09,103.64780
09-01-09,105.17780
10-01-09,107.34650
11-01-09,108.75980
12-01-09,109.19250
01-01-10,110.80450
02-01-10,110.65530
03-01-10,113.05800
04-01-10,113.51250
05-01-10,113.28860
06-01-10,112.75430
07-01-10,112.06230
08-01-10,111.75310
09-01-10,112.03360
10-01-10,111.72410
11-01-10,112.44140
12-01-10,112.96020
01-01-11,113.36820
02-01-11,114.61160
03-01-11,115.23770
04-01-11,112.16400
05-01-11,115.63300
06-01-11,113.42660
07-01-11,113.27820
08-01-11,112.24390
09-01-11,110.52980
10-01-11,109.44080
11-01-11,109.90750
12-01-11,112.77460
01-01-12,108.02420
02-01-12,108.97130
03-01-12,108.26620
04-01-12,108.28940
05-01-12,108.90470
06-01-12,109.04770
07-01-12,110.59220
08-01-12,112.73420
09-01-12,110.79260
10-01-12,112.33710
11-01-12,110.84220
12-01-12,111.55650
01-01-13,112.61600
02-01-13,109.50800
03-01-13,111.50920
04-01-13,113.40760
05-01-13,113.06380
06-01-13,113.68780
07-01-13,112.92800
08-01-13,113.14210
09-01-13,113.79680
10-01-13,112.55630
11-01-13,113.13630
12-01-13,109.11650
01-01-14,111.02030
02-01-14,111.43100
03-01-14,111.23240
04-01-14,110.20510
05-01-14,109.13400
06-01-14,105.91520
07-01-14,108.66330
08-01-14,109.01590
09-01-14,109.23740
10-01-14,109.29190
11-01-14,108.47270
12-01-14,105.24670
01-01-15,105.90790
02-01-15,105.06030
03-01-15,104.54640
04-01-15,102.51570
05-01-15,101.47100
06-01-15,100.51510
07-01-15,98.74607
08-01-15,99.26775
09-01-15,97.01163
10-01-15,96.80869
11-01-15,95.14876
12-01-15,93.69257
01-01-16,94.58104
02-01-16,93.63227
03-01-16,94.05385
04-01-16,94.08420
05-01-16,94.35034
06-01-16,93.31910
07-01-16,93.87350
08-01-16,92.07238
09-01-16,93.05444
10-01-16,91.79579
11-01-16,92.69083
12-01-16,94.17163
01-01-17,94.92882
02-01-17,96.08286
03-01-17,94.36427
04-01-17,94.49022
05-01-17,94.83546
06-01-17,95.61507
07-01-17,95.90186
08-01-17,95.95172
09-01-17,96.28890
10-01-17,97.19460
11-01-17,97.59619
12-01-17,100.25480
01-01-18,97.90735
02-01-18,97.43729
03-01-18,98.70132
04-01-18,99.07170
05-01-18,88.30508
06-01-18,99.16415
07-01-18,98.92871
08-01-18,98.01485
09-01-18,95.39836
10-01-18,96.58015
11-01-18,96.48142
12-01-18,96.40276
01-01-19,95.99949
02-01-19,96.10410
03-01-19,95.77521
04-01-19,96.17184
05-01-19,96.10246
06-01-19,95.30856
07-01-19,94.73209
08-01-19,95.74136
09-01-19,95.79415
10-01-19,97.93734
11-01-19,95.64376
12-01-19,94.33081
01-01-20,95.67796
02-01-20,96.33231
03-01-20,88.62179
04-01-20,71.20509
05-01-20,76.87204
06-01-20,84.51239
07-01-20,92.23799
08-01-20,95.15757
09-01-20,97.77293
10-01-20,99.16978
11-01-20,99.62682
12-01-20,99.11588
01-01-21,100.00990
02-01-21,98.36727
03-01-21,95.95233
04-01-21,94.35103
05-01-21,95.60423
06-01-21,95.18960
07-01-21,93.97907
08-01-21,93.98242
09-01-21,93.80889
10-01-21,93.27248
11-01-21,93.25758
12-01-21,94.53598
01-01-22,94.68154
02-01-22,95.29421
03-01-22,94.38247
04-01-22,94.91869
05-01-22,94.58540
06-01-22,94.57279
07-01-22,95.76403
08-01-22,94.26826
09-01-22,93.22560
10-01-22,94.46021
11-01-22,94.34294
12-01-22,94.08264
01-01-23,94.23082
02-01-23,94.03234
03-01-23,94.61152
04-01-23,94.18405
05-01-23,94.60070
06-01-23,94.61858
07-01-23,94.27485
08-01-23,94.70574
09-01-23,94.89288
10-01-23,94.99277
11-01-23,95.67924
12-01-23,96.83728
01-01-24,95.73234
02-01-24,95.85213
03-01-24,96.76269
