observation_date,Brezilya_ISFAIZ
10-01-00,16.50
11-01-00,16.50
12-01-00,15.75
01-01-01,15.25
02-01-01,15.25
03-01-01,15.75
04-01-01,16.25
05-01-01,16.75
06-01-01,18.25
07-01-01,19.00
08-01-01,19.00
09-01-01,19.00
10-01-01,19.00
11-01-01,19.00
12-01-01,19.00
01-01-02,19.00
02-01-02,18.75
03-01-02,18.50
04-01-02,18.50
05-01-02,18.50
06-01-02,18.50
07-01-02,18.00
08-01-02,18.00
09-01-02,18.00
10-01-02,21.00
11-01-02,22.00
12-01-02,25.00
01-01-03,25.50
02-01-03,26.50
03-01-03,26.50
04-01-03,26.50
05-01-03,26.50
06-01-03,26.00
07-01-03,24.50
08-01-03,22.00
09-01-03,20.00
10-01-03,19.00
11-01-03,17.50
12-01-03,16.50
01-01-04,16.50
02-01-04,16.50
03-01-04,16.25
04-01-04,16.00
05-01-04,16.00
06-01-04,16.00
07-01-04,16.00
08-01-04,16.00
09-01-04,16.25
10-01-04,16.75
11-01-04,17.25
12-01-04,17.75
01-01-05,18.25
02-01-05,18.75
03-01-05,19.25
04-01-05,19.50
05-01-05,19.75
06-01-05,19.75
07-01-05,19.75
08-01-05,19.75
09-01-05,19.50
10-01-05,19.00
11-01-05,18.50
12-01-05,18.00
01-01-06,17.25
02-01-06,17.25
03-01-06,16.50
04-01-06,15.75
05-01-06,15.75
06-01-06,15.25
07-01-06,14.75
08-01-06,14.25
09-01-06,14.25
10-01-06,13.75
11-01-06,13.25
12-01-06,13.25
01-01-07,13.00
02-01-07,13.00
03-01-07,12.75
04-01-07,12.50
05-01-07,12.50
06-01-07,12.00
07-01-07,11.50
08-01-07,11.50
09-01-07,11.25
10-01-07,11.25
11-01-07,11.25
12-01-07,11.25
01-01-08,11.25
02-01-08,11.25
03-01-08,11.25
04-01-08,11.75
05-01-08,11.75
06-01-08,12.25
07-01-08,13.00
08-01-08,13.00
09-01-08,13.75
10-01-08,13.75
11-01-08,13.75
12-01-08,13.75
01-01-09,12.75
02-01-09,12.75
03-01-09,11.25
04-01-09,10.25
05-01-09,10.25
06-01-09,9.25
07-01-09,8.75
08-01-09,8.75
09-01-09,8.75
10-01-09,8.75
11-01-09,8.75
12-01-09,8.75
01-01-10,8.75
02-01-10,8.75
03-01-10,8.75
04-01-10,9.50
05-01-10,9.50
06-01-10,10.25
07-01-10,10.75
08-01-10,10.75
09-01-10,10.75
10-01-10,10.75
11-01-10,10.75
12-01-10,10.75
01-01-11,11.25
02-01-11,11.25
03-01-11,11.75
04-01-11,12.00
05-01-11,12.00
06-01-11,12.25
07-01-11,12.50
08-01-11,12.50
09-01-11,12.00
10-01-11,11.50
11-01-11,11.50
12-01-11,11.00
01-01-12,10.50
02-01-12,10.50
03-01-12,9.75
04-01-12,9.00
05-01-12,8.50
06-01-12,8.50
07-01-12,8.00
08-01-12,7.50
09-01-12,7.50
10-01-12,7.25
11-01-12,7.25
12-01-12,7.25
01-01-13,7.25
02-01-13,7.25
03-01-13,7.25
04-01-13,7.50
05-01-13,8.00
06-01-13,8.00
07-01-13,8.50
08-01-13,9.00
09-01-13,9.00
10-01-13,9.50
11-01-13,10.00
12-01-13,10.00
01-01-14,10.50
02-01-14,10.75
03-01-14,10.75
04-01-14,11.00
05-01-14,11.00
06-01-14,11.00
07-01-14,11.00
08-01-14,11.00
09-01-14,11.00
10-01-14,11.25
11-01-14,11.25
12-01-14,11.75
01-01-15,12.25
02-01-15,12.25
03-01-15,12.75
04-01-15,13.25
05-01-15,13.25
06-01-15,13.75
07-01-15,14.25
08-01-15,14.25
09-01-15,14.25
10-01-15,14.25
11-01-15,14.25
12-01-15,14.25
01-01-16,14.25
02-01-16,14.25
03-01-16,14.25
04-01-16,14.25
05-01-16,14.25
06-01-16,14.25
07-01-16,14.25
08-01-16,14.25
09-01-16,14.25
10-01-16,14.00
11-01-16,14.00
12-01-16,13.75
01-01-17,13.00
02-01-17,12.25
03-01-17,12.25
04-01-17,11.25
05-01-17,11.25
06-01-17,10.25
07-01-17,9.25
08-01-17,9.25
09-01-17,8.25
10-01-17,7.50
11-01-17,7.50
12-01-17,7.00
01-01-18,7.00
02-01-18,6.75
03-01-18,6.50
04-01-18,6.50
05-01-18,6.50
06-01-18,6.50
07-01-18,6.50
08-01-18,6.50
09-01-18,6.50
10-01-18,6.50
11-01-18,6.50
12-01-18,6.50
01-01-19,6.50
02-01-19,6.50
03-01-19,6.50
04-01-19,6.50
05-01-19,6.50
06-01-19,6.50
07-01-19,6.50
08-01-19,6.00
09-01-19,5.50
10-01-19,5.00
11-01-19,5.00
12-01-19,4.50
01-01-20,4.50
02-01-20,4.25
03-01-20,3.75
04-01-20,3.75
05-01-20,3.14
06-01-20,2.69
07-01-20,2.25
08-01-20,2.03
09-01-20,2.00
10-01-20,2.00
11-01-20,2.00
12-01-20,2.00
01-01-21,2.00
02-01-21,2.00
03-01-21,2.40
04-01-21,2.75
05-01-21,3.40
06-01-21,3.90
07-01-21,4.25
08-01-21,5.10
09-01-21,5.50
10-01-21,6.50
11-01-21,7.75
12-01-21,8.90
01-01-22,9.25
02-01-22,10.64
03-01-22,11.23
04-01-22,11.75
05-01-22,12.62
06-01-22,12.99
07-01-22,13.25
08-01-22,13.70
09-01-22,13.75
10-01-22,13.75
11-01-22,13.75
12-01-22,13.75
01-01-23,13.75
02-01-23,13.75
03-01-23,13.75
04-01-23,13.75
05-01-23,13.75
06-01-23,13.75
07-01-23,13.75
08-01-23,13.28
09-01-23,13.08
10-01-23,12.75
11-01-23,12.28
12-01-23,11.96
