observation_date,Almanya_TUFE
01-01-00,75.3922510000000
02-01-00,75.4807390000000
03-01-00,75.4807390000000
04-01-00,75.4807390000000
05-01-00,75.3922510000000
06-01-00,75.7462050000000
07-01-00,76.1001590000000
08-01-00,75.9231820000000
09-01-00,76.1001590000000
10-01-00,76.0116710000000
11-01-00,76.1001590000000
12-01-00,76.7195790000000
01-01-01,76.4541130000000
02-01-01,76.8965560000000
03-01-01,76.8965560000000
04-01-01,77.2505100000000
05-01-01,77.5159760000000
06-01-01,77.6044650000000
07-01-01,77.6929530000000
08-01-01,77.5159760000000
09-01-01,77.5159760000000
10-01-01,77.4274880000000
11-01-01,77.2505100000000
12-01-01,77.9584190000000
01-01-02,78.0469070000000
02-01-02,78.3123730000000
03-01-02,78.4893500000000
04-01-02,78.4008620000000
05-01-02,78.4893500000000
06-01-02,78.4893500000000
07-01-02,78.5778390000000
08-01-02,78.4893500000000
09-01-02,78.4893500000000
10-01-02,78.4008620000000
11-01-02,78.1353960000000
12-01-02,78.8433040000000
01-01-03,78.8433040000000
02-01-03,79.2857470000000
03-01-03,79.3742360000000
04-01-03,79.1087700000000
05-01-03,78.9317930000000
06-01-03,79.1972590000000
07-01-03,79.3742360000000
08-01-03,79.3742360000000
09-01-03,79.2857470000000
10-01-03,79.2857470000000
11-01-03,79.1087700000000
12-01-03,79.7281900000000
01-01-04,79.7281900000000
02-01-04,79.9051670000000
03-01-04,80.1706330000000
04-01-04,80.4360980000000
05-01-04,80.6130760000000
06-01-04,80.6130760000000
07-01-04,80.7900530000000
08-01-04,80.8785410000000
09-01-04,80.7015640000000
10-01-04,80.7900530000000
11-01-04,80.6130760000000
12-01-04,81.4979610000000
01-01-05,80.8785410000000
02-01-05,81.2324950000000
03-01-05,81.5864500000000
04-01-05,81.4094730000000
05-01-05,81.5864500000000
06-01-05,81.6749380000000
07-01-05,82.0288920000000
08-01-05,82.1173810000000
09-01-05,82.2058700000000
10-01-05,82.2943580000000
11-01-05,82.0288920000000
12-01-05,82.6483120000000
01-01-06,82.3828470000000
02-01-06,82.7368010000000
03-01-06,82.7368010000000
04-01-06,83.0022670000000
05-01-06,83.0022670000000
06-01-06,83.1792440000000
07-01-06,83.5331980000000
08-01-06,83.3562210000000
09-01-06,83.0907550000000
10-01-06,83.1792440000000
11-01-06,83.1792440000000
12-01-06,83.7986640000000
01-01-07,83.7986640000000
02-01-07,84.1526180000000
03-01-07,84.3295950000000
04-01-07,84.7720380000000
05-01-07,84.7720380000000
06-01-07,84.7720380000000
07-01-07,85.2144810000000
08-01-07,85.1259920000000
09-01-07,85.3029690000000
10-01-07,85.4799460000000
11-01-07,85.9223890000000
12-01-07,86.4533200000000
01-01-08,86.1878550000000
02-01-08,86.5418090000000
03-01-08,86.9842520000000
04-01-08,86.8072750000000
05-01-08,87.3382060000000
06-01-08,87.5151830000000
07-01-08,88.0461140000000
08-01-08,87.7806490000000
09-01-08,87.6921600000000
10-01-08,87.5151830000000
11-01-08,87.0727400000000
12-01-08,87.4266940000000
01-01-09,86.9842520000000
02-01-09,87.5151830000000
03-01-09,87.3382060000000
04-01-09,87.4266940000000
05-01-09,87.3382060000000
06-01-09,87.6036720000000
07-01-09,87.6036720000000
08-01-09,87.7806490000000
09-01-09,87.5151830000000
10-01-09,87.5151830000000
11-01-09,87.4266940000000
12-01-09,88.1346030000000
01-01-10,87.6036720000000
02-01-10,87.9576260000000
03-01-10,88.4000690000000
04-01-10,88.4885570000000
05-01-10,88.4000690000000
06-01-10,88.4000690000000
07-01-10,88.5770460000000
08-01-10,88.6655340000000
09-01-10,88.5770460000000
10-01-10,88.6655340000000
11-01-10,88.7540230000000
12-01-10,89.2849540000000
01-01-11,89.1079770000000
02-01-11,89.6389080000000
03-01-11,90.1698400000000
04-01-11,90.1698400000000
05-01-11,90.1698400000000
06-01-11,90.2583280000000
07-01-11,90.4353050000000
08-01-11,90.5237940000000
09-01-11,90.7007710000000
10-01-11,90.7007710000000
11-01-11,90.8777480000000
12-01-11,91.0547250000000
01-01-12,90.9662370000000
02-01-12,91.5856570000000
03-01-12,92.1165880000000
04-01-12,91.9396110000000
05-01-12,91.9396110000000
06-01-12,91.7626340000000
07-01-12,92.1165880000000
08-01-12,92.4705420000000
09-01-12,92.5590310000000
10-01-12,92.5590310000000
11-01-12,92.6475190000000
12-01-12,92.9129850000000
01-01-13,92.4705420000000
02-01-13,93.0014740000000
03-01-13,93.4439160000000
04-01-13,93.0014740000000
05-01-13,93.3554280000000
06-01-13,93.4439160000000
07-01-13,93.8863590000000
08-01-13,93.8863590000000
09-01-13,93.8863590000000
10-01-13,93.7093820000000
11-01-13,93.8863590000000
12-01-13,94.2403130000000
01-01-14,93.7093820000000
02-01-14,94.1518250000000
03-01-14,94.4172900000000
04-01-14,94.2403130000000
05-01-14,94.1518250000000
06-01-14,94.4172900000000
07-01-14,94.6827560000000
08-01-14,94.6827560000000
09-01-14,94.6827560000000
10-01-14,94.4172900000000
11-01-14,94.4172900000000
12-01-14,94.4172900000000
01-01-15,93.4439160000000
02-01-15,94.1079850000000
03-01-15,94.5823190000000
04-01-15,95.0566540000000
05-01-15,95.2463880000000
06-01-15,95.2463880000000
07-01-15,95.4361220000000
08-01-15,95.4361220000000
09-01-15,95.2463880000000
10-01-15,95.2463880000000
11-01-15,94.5823190000000
12-01-15,94.5823190000000
01-01-16,93.9182510000000
02-01-16,94.2028520000000
03-01-16,94.8669200000000
04-01-16,94.9617870000000
05-01-16,95.4361220000000
06-01-16,95.5309890000000
07-01-16,95.9104560000000
08-01-16,95.8155890000000
09-01-16,95.8155890000000
10-01-16,96.0053230000000
11-01-16,95.3412550000000
12-01-16,96.0053230000000
01-01-17,95.4361220000000
02-01-17,96.0053230000000
03-01-17,96.1950570000000
04-01-17,96.5745250000000
05-01-17,96.5745250000000
06-01-17,96.8591250000000
07-01-17,97.2385930000000
08-01-17,97.3334600000000
09-01-17,97.4283270000000
10-01-17,97.2385930000000
11-01-17,96.8591250000000
12-01-17,97.3334600000000
01-01-18,96.7642590000000
02-01-18,97.0488590000000
03-01-18,97.6180610000000
04-01-18,97.8077950000000
05-01-18,98.5667300000000
06-01-18,98.6615970000000
07-01-18,99.0410650000000
08-01-18,99.1359320000000
09-01-18,99.3256650000000
10-01-18,99.5153990000000
11-01-18,98.8513310000000
12-01-18,98.8513310000000
01-01-19,98.0923950000000
02-01-19,98.4718630000000
03-01-19,98.8513310000000
04-01-19,99.8000000000000
05-01-19,99.9897340000000
06-01-19,100.2743350000000
07-01-19,100.7486690000000
08-01-19,100.5589350000000
09-01-19,100.5589350000000
10-01-19,100.6538020000000
11-01-19,99.8948670000000
12-01-19,100.3692020000000
01-01-20,99.8000000000000
02-01-20,100.1000000000000
03-01-20,100.3000000000000
04-01-20,100.4000000000000
05-01-20,100.4000000000000
06-01-20,100.5000000000000
07-01-20,99.7000000000000
08-01-20,99.7000000000000
09-01-20,99.7000000000000
10-01-20,99.9000000000000
11-01-20,99.7000000000000
12-01-20,99.8000000000000
